{"config": {"agents": {"human_agent": {"amount": 8}, "concrete": {"amount": 15800, "carbonation": 0.03}, "b2_power_gen": {"amount": 1}, "crew_habitat_b2": {"id": 1, "amount": 1000, "n2": 11523.481375, "o2": 2055.064375, "co2": 43.988, "ch4": 0.0, "h2": 0.0, "h2o": 123.71625, "total_capacity": {"value": 13746.25, "unit": "kg"}}, "greenhouse_b2": {"id": 1, "amount": 2000, "n2": 36906.1575, "o2": 6581.7375, "co2": 140.88, "ch4": 0.0, "h2": 0.0, "h2o": 396.225, "total_capacity": {"value": 44025.0, "unit": "kg"}}, "rainforest_biome": {"id": 1, "amount": 2000, "n2": 30283.5875, "o2": 5400.6875, "co2": 115.6, "ch4": 0.0, "h2": 0.0, "h2o": 325.125, "total_capacity": {"value": 36125.0, "unit": "kg"}}, "desert_biome": {"id": 1, "amount": 1400, "n2": 18442.6, "o2": 3289.0, "co2": 70.4, "ch4": 0.0, "h2": 0.0, "h2o": 198.0, "total_capacity": {"value": 22000.0, "unit": "kg"}}, "ocean_biome": {"id": 1, "amount": 863, "n2": 15047.82032, "o2": 2683.5847999999996, "co2": 57.441280000000006, "ch4": 0.0, "h2": 0.0, "h2o": 161.55360000000002, "total_capacity": {"value": 17950.4, "unit": "kg"}}, "savannah_biome": {"id": 1, "amount": 1637, "n2": 28543.77968, "o2": 5090.4151999999995, "co2": 108.95872, "ch4": 0.0, "h2": 0.0, "h2o": 306.4464, "total_capacity": {"value": 34049.6, "unit": "kg"}}, "west_lung": {"id": 1, "amount": 1800, "n2": 15718.125000000002, "o2": 2803.1250000000005, "co2": 60.00000000000001, "ch4": 0.0, "h2": 0.0, "h2o": 168.75000000000003, "total_capacity": {"value": 18750.000000000004, "unit": "kg"}}, "south_lung": {"id": 1, "amount": 1800, "n2": 15718.125000000002, "o2": 2803.1250000000005, "co2": 60.00000000000001, "ch4": 0.0, "h2": 0.0, "h2o": 168.75000000000003, "total_capacity": {"value": 18750.000000000004, "unit": "kg"}}, "atmosphere_equalizer": {"id": 1, "amount": 1}, "rice": {"amount": 214}, "wheat": {"amount": 149}, "sorghum": {"amount": 105}, "peanut": {"amount": 68}, "corn": {"amount": 197}, "dry_bean": {"amount": 784}, "sweet_potato": {"amount": 784}, "vegetables": {"amount": 141}, "soybean": {"amount": 132}, "orchard": {"amount": 261}, "red_beet": {"amount": 784}, "food_storage": {"id": 1, "amount": 1, "rice": 29.566178502348716, "wheat": 20.58579718154186, "dry_bean": 108.31721470019343, "peanut": 9.394860458690244, "soybean": 18.2370820668693, "red_beet": 108.31721470019343, "sweet_potato": 108.31721470019343, "sorghum": 14.506769825918761, "vegetables": 19.48051948051948, "corn": 27.21746338767615, "orchard": 36.05968499585521}, "b2_sun": {"amount": 1}, "water_storage": {"id": 1, "amount": 37, "potable": 147885.30000000002, "treated": 16431.7, "total_capacity": {"value": 164317.0, "unit": "kg"}, "urine": 0, "feces": 0}, "nutrient_storage": {"id": 1, "amount": 10, "fertilizer": 10000, "inedible_biomass": 0, "waste": 0}, "power_storage": {"id": 1, "amount": 1, "kwh": 1000}, "solid_waste_aerobic_bioreactor": {"id": 1, "amount": 1}, "urine_recycling_processor_VCD": {"id": 1, "amount": 1}, "multifiltration_purifier_post_treatment": {"id": 1, "amount": 50}, "co2_removal_SAWD": {"id": 1, "amount": 5}, "co2_makeup_valve": {"id": 1, "amount": 5}, "dehumidifier": {"id": 1, "amount": 50}, "o2_makeup_valve": {"id": 1, "amount": 180}, "o2_storage": {"id": 1, "amount": 1, "o2": 11288}, "co2_storage": {"id": 1, "amount": 1, "co2": 0}}, "termination": [{"condition": "time", "value": 257, "unit": "day"}], "seed": 1000, "single_agent": 1, "start_time": "1993-01-12", "location": "earth", "minutes_per_step": 60, "priorities": ["structures", "storage", "power_generation", "inhabitants", "eclss", "plants"], "total_amount": 37}, "agent_desc": {"plants": {"rice": {"data": {"characteristics": [{"type": "density_factor", "value": 0.5}, {"type": "crop_management_factor", "value": 1}]}}, "wheat": {"data": {"characteristics": [{"type": "density_factor", "value": 0.5}, {"type": "crop_management_factor", "value": 1}]}}, "sorghum": {"data": {"characteristics": [{"type": "density_factor", "value": 0.5}, {"type": "crop_management_factor", "value": 1}]}}, "peanut": {"data": {"characteristics": [{"type": "density_factor", "value": 0.5}, {"type": "crop_management_factor", "value": 1}]}}, "corn": {"data": {"characteristics": [{"type": "density_factor", "value": 0.5}, {"type": "crop_management_factor", "value": 1}]}}, "dry_bean": {"data": {"characteristics": [{"type": "density_factor", "value": 0.5}, {"type": "crop_management_factor", "value": 1}]}}, "sweet_potato": {"data": {"characteristics": [{"type": "density_factor", "value": 0.5}, {"type": "crop_management_factor", "value": 1}]}}, "vegetables": {"data": {"characteristics": [{"type": "density_factor", "value": 0.5}, {"type": "crop_management_factor", "value": 1}]}}, "soybean": {"data": {"characteristics": [{"type": "density_factor", "value": 0.5}, {"type": "crop_management_factor", "value": 1}]}}, "orchard": {"data": {"characteristics": [{"type": "density_factor", "value": 0.5}, {"type": "crop_management_factor", "value": 1}]}}, "red_beet": {"data": {"characteristics": [{"type": "density_factor", "value": 0.5}, {"type": "crop_management_factor", "value": 1}]}}}, "eclss": {"co2_removal_SAWD": {"data": {"input": [{"type": "co2", "value": 0.085, "required": "mandatory", "flow_rate": {"unit": "kg", "time": "hour"}, "criteria": {"name": "co2_ratio_in", "limit": ">", "value": 0.0025, "buffer": 8}}, {"type": "kwh", "value": 0.65, "required": "mandatory", "requires": ["co2"], "flow_rate": {"unit": "kWh", "time": "hour"}}], "output": [{"type": "co2", "value": 0.085, "required": "mandatory", "requires": ["co2"], "flow_rate": {"unit": "kg", "time": "hour"}}], "characteristics": [{"type": "mass", "value": 137.35, "unit": "kg"}, {"type": "volume", "value": 0.31, "unit": "m^3"}]}, "description": "Moves carbon dioxide from the habitat atmosphere to co2_storage."}, "co2_makeup_valve": {"data": {"input": [{"type": "co2", "value": 0.085, "required": "mandatory", "flow_rate": {"unit": "kg", "time": "hour"}, "criteria": {"name": "co2_ratio_out", "limit": "<", "value": 0, "buffer": 8}}], "output": [{"type": "co2", "value": 0.085, "required": "mandatory", "requires": ["co2"], "flow_rate": {"unit": "kg", "time": "hour"}}], "characteristics": [{"type": "mass", "value": 10, "unit": "kg"}, {"type": "volume", "value": 0.1, "unit": "m^3"}]}, "description": "Vents carbon dioxide from co2_storage into the habitat atmosphere."}, "o2_makeup_valve": {"description": "Add O2 gas from o2_storage back into connected structure", "data": {"input": [{"type": "o2", "value": 0.085, "flow_rate": {"unit": "kg", "time": "hour"}, "required": "mandatory", "criteria": {"name": "o2_ratio_out", "limit": "<", "value": 20}}], "output": [{"type": "o2", "value": 0.085, "flow_rate": {"unit": "kg", "time": "hour"}, "requires": ["o2"]}], "characteristics": []}}}, "inhabitants": {"human_agent": {"data": {"input": [{"type": "o2", "value": 0.037083, "flow_rate": {"unit": "kg", "time": "hour"}, "deprive": {"value": 0, "unit": "hour"}}, {"type": "potable", "value": 0.137083, "flow_rate": {"unit": "kg", "time": "hour"}, "deprive": {"value": 72, "unit": "hour"}}, {"type": "food", "value": 0.0325, "flow_rate": {"unit": "kg", "time": "hour"}, "deprive": {"value": 480, "unit": "hour"}}], "output": [{"type": "co2", "value": 0.045, "flow_rate": {"unit": "kg", "time": "hour"}}, {"type": "h2o", "value": 0.128333, "flow_rate": {"unit": "kg", "time": "hour"}}, {"type": "urine", "value": 0.060833, "requires": ["potable"], "flow_rate": {"unit": "kg", "time": "hour"}}, {"type": "feces", "value": 0.005, "requires": ["food"], "flow_rate": {"unit": "kg", "time": "hour"}}], "characteristics": [{"type": "mass", "value": 82.0, "unit": "kg"}, {"type": "volume", "value": 0.0, "unit": "m^3"}, {"type": "threshold_lower_o2", "value": 0.08}, {"type": "threshold_upper_co2", "value": 0.01}, {"type": "location", "value": "mars"}]}}}}, "agent_conn": []}